{"cameraMode":{"drawMode":0,"name":"Shaded","section":"Shading Mode"},"sceneLighting":true,"audioPlay":false,"sceneViewState":{"showFog":true,"showMaterialUpdate":false,"showSkybox":true,"showFlares":true,"showImageEffects":true,"showParticleSystems":true},"in2DMode":false,"pivot":{"x":67.36128234863281,"y":8.220009803771973,"z":31.560455322265626},"rotation":{"x":-0.1991761475801468,"y":0.787343442440033,"z":-0.3225467801094055,"w":-0.4861968159675598},"size":11.342474937438965,"orthographic":false}