{"cameraMode":{"drawMode":0,"name":"Shaded","section":"Shading Mode"},"sceneLighting":false,"audioPlay":false,"sceneViewState":{"showFog":true,"showMaterialUpdate":false,"showSkybox":false,"showFlares":true,"showImageEffects":true,"showParticleSystems":true},"in2DMode":false,"pivot":{"x":3.900919198989868,"y":2.836364984512329,"z":15.21209716796875},"rotation":{"x":0.26905664801597597,"y":-0.5671569108963013,"z":0.20305930078029633,"w":0.7514947652816773},"size":2.360614776611328,"orthographic":false}