{"cameraMode":{"drawMode":0,"name":"Shaded","section":"Shading Mode"},"sceneLighting":true,"audioPlay":false,"sceneViewState":{"showFog":true,"showMaterialUpdate":false,"showSkybox":true,"showFlares":true,"showImageEffects":true,"showParticleSystems":true},"in2DMode":false,"pivot":{"x":56.164424896240237,"y":-4.202116012573242,"z":46.85322189331055},"rotation":{"x":0.19132304191589356,"y":-0.3062635362148285,"z":0.06297903507947922,"w":0.9303935766220093},"size":10.0,"orthographic":false}